1,Adriana,Blamey,ablamey0@e-recht24.de
2,Antonio,Karpushkin,akarpushkin1@angelfire.com
3,Florenza,Breazeall,fbreazeall2@oracle.com
4,Carson,Cortin,ccortin3@usnews.com
5,Thornton,Cassidy,tcassidy4@uiuc.edu
6,Gabriele,Dudhill,gdudhill5@wordpress.com
7,Isis,Gerrie,igerrie6@nydailynews.com
8,Kore,Bordiss,kbordiss7@diigo.com
9,Murvyn,Benaine,mbenaine8@angelfire.com
10,Nikaniki,Cockland,ncockland9@phpbb.com
11,Thomasine,Sim,tsima@ucsd.edu
12,Fleming,Waterstone,fwaterstoneb@ucla.edu
13,Glyn,Gittoes,ggittoesc@patch.com
14,Marcos,Thaine,mthained@virginia.edu
15,Alvera,Farge,afargee@purevolume.com
16,Antin,Pendrey,apendreyf@bizjournals.com
17,Lizzie,Stillert,lstillertg@va.gov
18,Martyn,Clinch,mclinchh@mediafire.com
19,Minetta,Pontefract,mpontefracti@theguardian.com
20,Dani,Wilgar,dwilgarj@amazon.de
21,Derby,Cabane,dcabanek@phoca.cz
22,Constantin,Bysaker,cbysakerl@rambler.ru
23,Keven,Aleksankov,kaleksankovm@storify.com
24,Clark,Ducket,cducketn@unc.edu
25,Kara,Kerswill,kkerswillo@nymag.com
26,Warner,Pottes,wpottesp@eventbrite.com
27,Amos,Peers,apeersq@usatoday.com
28,Sybil,Pizey,spizeyr@ezinearticles.com
29,Ina,Smallcomb,ismallcombs@reuters.com
30,Coriss,McKerley,cmckerleyt@usa.gov
31,Candida,de Lloyd,cdelloydu@usa.gov
32,Ninon,Fillimore,nfillimorev@microsoft.com
33,Raul,Urling,rurlingw@mysql.com
34,Alexi,Colleton,acolletonx@berkeley.edu
35,Rania,Danks,rdanksy@cafepress.com
36,Ramona,Thow,rthowz@stanford.edu
37,Helyn,Sapson,hsapson10@wiley.com
38,Eli,Bass,ebass11@trellian.com
39,Cheslie,Watsham,cwatsham12@abc.net.au
40,Brigham,Sissel,bsissel13@patch.com
41,Gracia,Fenna,gfenna14@posterous.com
42,Rourke,Sandercroft,rsandercroft15@networksolutions.com
43,Ham,April,hapril16@mashable.com
44,Ginelle,Sicely,gsicely17@ted.com
45,Karilynn,Stockill,kstockill18@skyrock.com
46,Kerry,McIsaac,kmcisaac19@boston.com
47,Dianna,MacNally,dmacnally1a@google.de
48,Amitie,Staite,astaite1b@yellowpages.com
49,Alexei,Rodriguez,arodriguez1c@t-online.de
50,Holli,Lasham,hlasham1d@dropbox.com
51,Estevan,Styles,estyles1e@nasa.gov
52,Johann,Tevlin,jtevlin1f@constantcontact.com
53,Gordie,Tatam,gtatam1g@disqus.com
54,Evvy,Cohrs,ecohrs1h@java.com
55,Rania,Danelutti,rdanelutti1i@intel.com
56,Bird,Gostling,bgostling1j@tinypic.com
57,Daffy,Prati,dprati1k@canalblog.com
58,Carlene,Braghini,cbraghini1l@cdc.gov
59,Euphemia,Jeschner,ejeschner1m@vistaprint.com
60,Aline,Ambrodi,aambrodi1n@mit.edu
61,Malchy,Chilcott,mchilcott1o@webnode.com
62,Angel,Gilhespy,agilhespy1p@pagesperso-orange.fr
63,Prudi,Mumford,pmumford1q@gravatar.com
64,Ewan,Brandolini,ebrandolini1r@instagram.com
65,Grove,Dybbe,gdybbe1s@purevolume.com
66,Feodora,Bunclark,fbunclark1t@hao123.com
67,Trever,Le Claire,tleclaire1u@mozilla.org
68,Dorey,Branscomb,dbranscomb1v@tripadvisor.com
69,Donovan,Devenny,ddevenny1w@list-manage.com
70,Frederique,De Gouy,fdegouy1x@shutterfly.com
71,Ulla,Essery,uessery1y@jigsy.com
72,Ring,Everington,reverington1z@pcworld.com
73,Aura,Lambersen,alambersen20@yolasite.com
74,Malynda,Kettlesting,mkettlesting21@delicious.com
75,Marla,Tomeo,mtomeo22@tinypic.com
76,Jobina,Ivashchenko,jivashchenko23@netlog.com
77,Delilah,Bysh,dbysh24@mlb.com
78,Delphinia,MacCall,dmaccall25@bloglovin.com
79,Dusty,Leif,dleif26@mlb.com
80,Roshelle,Martino,rmartino27@privacy.gov.au
81,Malynda,Balfour,mbalfour28@moonfruit.com
82,Kaila,Wiltshear,kwiltshear29@go.com
83,Boonie,Ruit,bruit2a@apple.com
84,Ginnifer,Vermer,gvermer2b@jigsy.com
85,Marcelo,Heisham,mheisham2c@slate.com
86,Zedekiah,Maylin,zmaylin2d@uiuc.edu
87,Beryl,Philips,bphilips2e@nih.gov
88,Elvis,Dauber,edauber2f@godaddy.com
89,Inna,Docksey,idocksey2g@stanford.edu
90,Vladimir,Timson,vtimson2h@multiply.com
91,Davina,Koeppke,dkoeppke2i@nbcnews.com
92,Trever,Flecknell,tflecknell2j@cocolog-nifty.com
93,Janice,Davidovits,jdavidovits2k@icq.com
94,Franciskus,Gaylor,fgaylor2l@amazon.co.uk
95,Jakie,Sante,jsante2m@merriam-webster.com
96,Dani,Blasi,dblasi2n@army.mil
97,Honoria,Houlton,hhoulton2o@mozilla.com
98,Blondy,Kings,bkings2p@printfriendly.com
99,Edy,Philpott,ephilpott2q@infoseek.co.jp
100,Gratia,Mixhel,gmixhel2r@yelp.com